#CHROM	POS	ID	REF	ALT	AC	AN	AC_Hom	Consequence	SYMBOL	STRAND	Gene	HGVSc	HGVSp	EXON	Protein_position	Amino_acids	Codons	LoF	am_class	am_pathogenicity	EVE_CLASS	EVE_SCORE	CADD_PHRED	REVEL	gnomADj_AC_joint	gnomADj_AN_joint	gnomADj_AF_joint	gnomADj_nhomalt_joint
chr17	43044391	.	G	A	2	8	2	3_prime_UTR_variant	BRCA1	-1	ENSG00000012048	ENST00000357654.9:c.*1287C>T		23/23									4.510		171095	504982	0.338814	30788
chr17	43045257	.	C	A	8	22	2	3_prime_UTR_variant	BRCA1	-1	ENSG00000012048	ENST00000357654.9:c.*421G>T		23/23									9.843		179656	541890	0.331536	32019
chr17	43045593	.	T	C	3	1436	0	3_prime_UTR_variant	BRCA1	-1	ENSG00000012048	ENST00000357654.9:c.*85A>G		23/23									5.857		15	1563138	9.59608e-06	0
chr17	43045642	.	G	C	2	1756	0	3_prime_UTR_variant	BRCA1	-1	ENSG00000012048	ENST00000357654.9:c.*36C>G		23/23									0.559		4263	1613442	0.00264218	102
chr17	43045812	.	G	T	1	1768	0	splice_polypyrimidine_tract_variant&intron_variant	BRCA1	-1	ENSG00000012048	ENST00000357654.9:c.5468-10C>A											14.68		1268	1613766	0.00078574	11
chr17	43049136	.	T	G	1	1802	0	synonymous_variant	BRCA1	-1	ENSG00000012048	ENST00000357654.9:c.5391A>C	ENSP00000350283.3:p.Ser1797%3D	21/23	1797	S	tcA/tcC						3.801					
chr17	43063351	.	T	C	1	1802	0	synonymous_variant	BRCA1	-1	ENSG00000012048	ENST00000357654.9:c.5175A>G	ENSP00000350283.3:p.Glu1725%3D	18/23	1725	E	gaA/gaG						7.434		70	1611322	4.34426e-05	0
chr17	43063368	.	T	C	3	1798	0	missense_variant	BRCA1	-1	ENSG00000012048	ENST00000357654.9:c.5158A>G	ENSP00000350283.3:p.Thr1720Ala	18/23	1720	T/A	Acc/Gcc		likely_benign	0.1171	Benign	0.2951239751636847	21.0	0.445	203	1611752	0.00012595	0
chr17	43063398	.	G	A	1	1790	0	intron_variant	BRCA1	-1	ENSG00000012048	ENST00000357654.9:c.5153-25C>T											14.76					
chr17	43063421	.	C	A	1	1772	0	intron_variant	BRCA1	-1	ENSG00000012048	ENST00000357654.9:c.5153-48G>T											1.421					
chr17	43063854	.	A	T	2	1796	0	intron_variant	BRCA1	-1	ENSG00000012048	ENST00000357654.9:c.5152+20T>A											11.61		114	1596030	7.14272e-05	0
chr17	43067585	.	T	C	3	1780	0	intron_variant	BRCA1	-1	ENSG00000012048	ENST00000357654.9:c.5074+23A>G											5.185		38	1570724	2.41927e-05	1
chr17	43067730	.	T	C	1	1716	0	intron_variant	BRCA1	-1	ENSG00000012048	ENST00000357654.9:c.4987-35A>G											8.259					
chr17	43070958	rs1799967	C	T	14	1804	0	missense_variant	BRCA1	-1	ENSG00000012048	ENST00000357654.9:c.4956G>A	ENSP00000350283.3:p.Met1652Ile	15/23	1652	M/I	atG/atA		ambiguous	0.388	Benign	0.10089522218542674	18.21	0.426	23606	1614160	0.0146243	338
chr17	43071148	.	C	T	1	1804	0	missense_variant	BRCA1	-1	ENSG00000012048	ENST00000357654.9:c.4766G>A	ENSP00000350283.3:p.Arg1589His	15/23	1589	R/H	cGt/cAt		likely_benign	0.0638	Benign	0.019523561000471503	0.068	0.539	25	1614200	1.54875e-05	0
chr17	43074370	.	C	T	1	1802	0	missense_variant	BRCA1	-1	ENSG00000012048	ENST00000357654.9:c.4636G>A	ENSP00000350283.3:p.Asp1546Asn	14/23	1546	D/N	Gat/Aat		likely_benign	0.0763	Benign	0.15075111218317594	0.690	0.285	202	1614072	0.000125149	0
chr17	43074406	.	C	T	1	1802	0	missense_variant	BRCA1	-1	ENSG00000012048	ENST00000357654.9:c.4600G>A	ENSP00000350283.3:p.Val1534Met	14/23	1534	V/M	Gtg/Atg		likely_benign	0.089	Uncertain	0.384861776467284	0.674	0.585	531	1614162	0.000328963	1
chr17	43074471	rs1800744	C	A	8	1804	0	missense_variant	BRCA1	-1	ENSG00000012048	ENST00000357654.9:c.4535G>T	ENSP00000350283.3:p.Ser1512Ile	14/23	1512	S/I	aGt/aTt		likely_benign	0.1413	Pathogenic	0.7317081408833233	18.32	0.516	4969	1614128	0.00307844	17
chr17	43074531	.	T	C	2	1794	0	splice_polypyrimidine_tract_variant&intron_variant	BRCA1	-1	ENSG00000012048	ENST00000357654.9:c.4485-10A>G											7.613		13	1611216	8.06844e-06	0
chr17	43076624	.	G	A	2	1802	0	splice_polypyrimidine_tract_variant&intron_variant	BRCA1	-1	ENSG00000012048	ENST00000357654.9:c.4358-10C>T											20.9		390	1612410	0.000241874	0
chr17	43079318	rs562625234	G	A	3	1326	0	intron_variant	BRCA1	-1	ENSG00000012048	ENST00000357654.9:c.4358-2704C>T											9.151		65	1582680	4.10696e-05	1
chr17	43082382	.	G	C	1	1800	0	intron_variant	BRCA1	-1	ENSG00000012048	ENST00000357654.9:c.4357+22C>G											2.712		1	1611618	6.20494e-07	0
chr17	43082453	rs1060915	A	G	668	1804	212	synonymous_variant	BRCA1	-1	ENSG00000012048	ENST00000357654.9:c.4308T>C	ENSP00000350283.3:p.Ser1436%3D	12/23	1436	S	tcT/tcC						2.299		539147	1613730	0.3341	92806
chr17	43091396	.	A	G	2	1804	0	intron_variant	BRCA1	-1	ENSG00000012048	ENST00000357654.9:c.4096+39T>C											12.38		14	1610622	8.69229e-06	0
chr17	43091399	.	T	C	1	1800	0	intron_variant	BRCA1	-1	ENSG00000012048	ENST00000357654.9:c.4096+36A>G											0.137		187	1611854	0.000116015	1
chr17	43091405	.	G	A	2	1800	0	intron_variant	BRCA1	-1	ENSG00000012048	ENST00000357654.9:c.4096+30C>T											7.191		23	1612160	1.42666e-05	0
chr17	43091492	.	T	C	6	1802	0	missense_variant	BRCA1	-1	ENSG00000012048	ENST00000357654.9:c.4039A>G	ENSP00000350283.3:p.Arg1347Gly	10/23	1347	R/G	Aga/Gga		likely_benign	0.1184	Uncertain	0.4744641287373242	17.95	0.527	9320	1613538	0.00577613	40
chr17	43091744	.	A	G	1	1800	0	synonymous_variant	BRCA1	-1	ENSG00000012048	ENST00000357654.9:c.3787T>C	ENSP00000350283.3:p.Leu1263%3D	10/23	1263	L	Ttg/Ctg						0.086		1	1614214	6.19497e-07	0
chr17	43091823	.	A	C	1	1804	0	missense_variant	BRCA1	-1	ENSG00000012048	ENST00000357654.9:c.3708T>G	ENSP00000350283.3:p.Asn1236Lys	10/23	1236	N/K	aaT/aaG		likely_benign	0.1565	Benign	0.1942200632371295	0.512	0.371	641	1614166	0.000397109	0
chr17	43091983	rs16942	T	A	1	682	0	missense_variant	BRCA1	-1	ENSG00000012048	ENST00000357654.9:c.3548A>T	ENSP00000350283.3:p.Lys1183Ile	10/23	1183	K/I	aAa/aTa		likely_benign	0.1898	Uncertain	0.6010824049465623	14.29	0.375	1	1613786	6.19661e-07	0
chr17	43092113	.	T	C	3	1802	0	missense_variant	BRCA1	-1	ENSG00000012048	ENST00000357654.9:c.3418A>G	ENSP00000350283.3:p.Ser1140Gly	10/23	1140	S/G	Agt/Ggt		likely_benign	0.0788	Benign	0.14640828648937768	10.22	0.069	3013	1613880	0.00186693	55
chr17	43092284	.	T	C	1	1804	0	missense_variant	BRCA1	-1	ENSG00000012048	ENST00000357654.9:c.3247A>G	ENSP00000350283.3:p.Met1083Val	10/23	1083	M/V	Atg/Gtg		likely_benign	0.0606	Benign	0.051858162848789816	0.009	0.164	21	1613778	1.30129e-05	0
chr17	43092293	.	A	G	1	1804	0	synonymous_variant	BRCA1	-1	ENSG00000012048	ENST00000357654.9:c.3238T>C	ENSP00000350283.3:p.Leu1080%3D	10/23	1080	L	Ttg/Ctg						1.307		20	1613774	1.23933e-05	0
chr17	43092412	rs4986852	C	T	29	1796	2	missense_variant	BRCA1	-1	ENSG00000012048	ENST00000357654.9:c.3119G>A	ENSP00000350283.3:p.Ser1040Asn	10/23	1040	S/N	aGc/aAc		likely_benign	0.1194	Benign	0.23508117596263026	14.02	0.376	31073	1613846	0.019254	338
chr17	43092418	rs16941	T	C	661	1790	208	missense_variant	BRCA1	-1	ENSG00000012048	ENST00000357654.9:c.3113A>G	ENSP00000350283.3:p.Glu1038Gly	10/23	1038	E/G	gAa/gGa		likely_benign	0.0988	Benign	0.2772826727205862	17.09	0.227	538509	1613370	0.333779	92638
chr17	43092448	.	C	T	2	1792	0	missense_variant	BRCA1	-1	ENSG00000012048	ENST00000357654.9:c.3083G>A	ENSP00000350283.3:p.Arg1028His	10/23	1028	R/H	cGt/cAt		likely_benign	0.0636	Benign	0.06117234943024959	10.04	0.325	408	1613886	0.000252806	2
chr17	43092507	.	C	T	2	1788	0	missense_variant	BRCA1	-1	ENSG00000012048	ENST00000357654.9:c.3024G>A	ENSP00000350283.3:p.Met1008Ile	10/23	1008	M/I	atG/atA		likely_benign	0.1313	Benign	0.08862046321903036	0.110	0.452	972	1613918	0.000602261	3
chr17	43092536	.	G	C	1	1786	0	missense_variant	BRCA1	-1	ENSG00000012048	ENST00000357654.9:c.2995C>G	ENSP00000350283.3:p.Leu999Val	10/23	999	L/V	Cta/Gta		likely_benign	0.0786	Uncertain	0.3855699012717105	2.360	0.344				
chr17	43092798	.	T	C	2	1804	0	synonymous_variant	BRCA1	-1	ENSG00000012048	ENST00000357654.9:c.2733A>G	ENSP00000350283.3:p.Gly911%3D	10/23	911	G	ggA/ggG						3.048		972	1613990	0.000602234	3
chr17	43092869	.	G	A	2	1802	0	missense_variant	BRCA1	-1	ENSG00000012048	ENST00000357654.9:c.2662C>T	ENSP00000350283.3:p.His888Tyr	10/23	888	H/Y	Cac/Tac		likely_benign	0.0758	Benign	0.2814655572529776	13.19	0.485	42	1613814	2.60253e-05	0
chr17	43092919	rs799917	G	A	704	1790	246	missense_variant	BRCA1	-1	ENSG00000012048	ENST00000357654.9:c.2612C>T	ENSP00000350283.3:p.Pro871Leu	10/23	871	P/L	cCg/cTg		likely_benign	0.0424	Benign	0.00601200692018726	16.51	0.140	606755	1613362	0.376081	124333
chr17	43093010	rs1800709	G	A	5	1798	0	missense_variant	BRCA1	-1	ENSG00000012048	ENST00000357654.9:c.2521C>T	ENSP00000350283.3:p.Arg841Trp	10/23	841	R/W	Cgg/Tgg		likely_benign	0.0844	Benign	0.16022629148985185	16.92	0.355	4110	1613768	0.00254683	7
chr17	43093073	.	T	C	2	1804	0	missense_variant	BRCA1	-1	ENSG00000012048	ENST00000357654.9:c.2458A>G	ENSP00000350283.3:p.Lys820Glu	10/23	820	K/E	Aaa/Gaa		likely_benign	0.0703	Benign	0.15283166811456572	7.130	0.237	2725	1613798	0.00168856	33
chr17	43093219	.	A	G	3	1804	0	missense_variant	BRCA1	-1	ENSG00000012048	ENST00000357654.9:c.2312T>C	ENSP00000350283.3:p.Leu771Ser	10/23	771	L/S	tTg/tCg		likely_benign	0.1418	Uncertain	0.6867239986317715	23.4	0.492	5	1613936	3.09802e-06	0
chr17	43093220	rs16940	A	G	666	1804	210	synonymous_variant	BRCA1	-1	ENSG00000012048	ENST00000357654.9:c.2311T>C	ENSP00000350283.3:p.Leu771%3D	10/23	771	L	Ttg/Ctg						1.195		536645	1613608	0.332575	91981
chr17	43093449	rs1799949	G	A	669	1802	216	synonymous_variant	BRCA1	-1	ENSG00000012048	ENST00000357654.9:c.2082C>T	ENSP00000350283.3:p.Ser694%3D	10/23	694	S	agC/agT						3.054		542412	1613688	0.336132	93409
chr17	43093454	rs4986850	C	T	98	1802	4	missense_variant	BRCA1	-1	ENSG00000012048	ENST00000357654.9:c.2077G>A	ENSP00000350283.3:p.Asp693Asn	10/23	693	D/N	Gac/Aac		likely_benign	0.0749	Benign	0.13696357770833298	7.114	0.126	112589	1613950	0.0697599	4445
chr17	43093811	.	G	A	1	1758	0	missense_variant	BRCA1	-1	ENSG00000012048	ENST00000357654.9:c.1720C>T	ENSP00000350283.3:p.Leu574Phe	10/23	574	L/F	Ctc/Ttc		likely_benign	0.0898	Pathogenic	0.7085725746018554	10.53	0.493	2	1613382	1.23963e-06	0
chr17	43093874	.	G	T	1	1746	0	missense_variant	BRCA1	-1	ENSG00000012048	ENST00000357654.9:c.1657C>A	ENSP00000350283.3:p.His553Asn	10/23	553	H/N	Cat/Aat		likely_benign	0.0751	Benign	0.17518087587416248	7.363	0.399	2	1613650	1.23943e-06	0
chr17	43093883	.	T	G	2	1746	0	missense_variant	BRCA1	-1	ENSG00000012048	ENST00000357654.9:c.1648A>C	ENSP00000350283.3:p.Asn550His	10/23	550	N/H	Aat/Cat		likely_benign	0.0967	Pathogenic	0.6924091447968757	18.11	0.361	542	1613938	0.000335825	8
chr17	43094045	.	G	A	1	1800	0	missense_variant	BRCA1	-1	ENSG00000012048	ENST00000357654.9:c.1486C>T	ENSP00000350283.3:p.Arg496Cys	10/23	496	R/C	Cgt/Tgt		likely_benign	0.0797	Benign	0.083473147075731	4.700	0.570	477	1613802	0.000295575	1
chr17	43094075	.	A	G	2	1802	0	missense_variant	BRCA1	-1	ENSG00000012048	ENST00000357654.9:c.1456T>C	ENSP00000350283.3:p.Phe486Leu	10/23	486	F/L	Ttt/Ctt		ambiguous	0.3568	Benign	0.12629229704199374	0.019	0.567	562	1614110	0.000348179	8
chr17	43094139	.	G	A	1	1798	0	synonymous_variant	BRCA1	-1	ENSG00000012048	ENST00000357654.9:c.1392C>T	ENSP00000350283.3:p.Thr464%3D	10/23	464	T	acC/acT						5.181		45	1613974	2.78815e-05	0
chr17	43094185	.	G	A	1	1800	0	missense_variant	BRCA1	-1	ENSG00000012048	ENST00000357654.9:c.1346C>T	ENSP00000350283.3:p.Ser449Phe	10/23	449	S/F	tCc/tTc		likely_benign	0.1384	Benign	0.1994690067162025	19.20	0.493				
chr17	43094464	rs1799950	T	C	75	1790	0	missense_variant	BRCA1	-1	ENSG00000012048	ENST00000357654.9:c.1067A>G	ENSP00000350283.3:p.Gln356Arg	10/23	356	Q/R	cAg/cGg		likely_benign	0.1088	Uncertain	0.6775089064775801	19.63	0.417	88872	1614048	0.0550616	2838
chr17	43094550	.	T	C	2	1796	0	synonymous_variant	BRCA1	-1	ENSG00000012048	ENST00000357654.9:c.981A>G	ENSP00000350283.3:p.Thr327%3D	10/23	327	T	acA/acG						5.865		972	1614214	0.000602151	3
chr17	43094839	.	G	A	1	1704	0	missense_variant	BRCA1	-1	ENSG00000012048	ENST00000357654.9:c.692C>T	ENSP00000350283.3:p.Thr231Met	10/23	231	T/M	aCg/aTg		likely_benign	0.0825	Benign	0.17125890378640685	16.17	0.545	86	1612488	5.33337e-05	0
chr17	43095953	.	AAC	A	1	1796	0	intron_variant	BRCA1	-1	ENSG00000012048	ENST00000357654.9:c.594-33_594-32del																
chr17	43097222	.	A	G	2	1796	0	intron_variant	BRCA1	-1	ENSG00000012048	ENST00000357654.9:c.593+22T>C											8.242		2	1608466	1.24342e-06	0
chr17	43097246	.	G	A	2	1798	0	splice_region_variant&synonymous_variant	BRCA1	-1	ENSG00000012048	ENST00000357654.9:c.591C>T	ENSP00000350283.3:p.Cys197%3D	8/23	197	C	tgC/tgT						15.93		1893	1613468	0.00117325	2
chr17	43097337	.	T	A	1	1682	0	intron_variant	BRCA1	-1	ENSG00000012048	ENST00000357654.9:c.548-48A>T											7.141					
chr17	43099786	.	T	C	2	1798	0	missense_variant	BRCA1	-1	ENSG00000012048	ENST00000357654.9:c.536A>G	ENSP00000350283.3:p.Tyr179Cys	7/23	179	Y/C	tAc/tGc		likely_benign	0.1781	Pathogenic	0.7825176635213735	23.5	0.754	542	1608112	0.000337041	8
chr17	43099914	rs799923	G	A	245	1774	30	intron_variant	BRCA1	-1	ENSG00000012048	ENST00000357654.9:c.442-34C>T											0.376		314168	1516640	0.207147	35728
chr17	43104213	.	T	A	1	1804	0	missense_variant	BRCA1	-1	ENSG00000012048	ENST00000357654.9:c.350A>T	ENSP00000350283.3:p.His117Leu	6/23	117	H/L	cAt/cTt		likely_benign	0.0767	Benign	0.2098164713628657	1.660	0.545	3	1613278	1.85957e-06	0
chr17	43104302	.	A	G	1	1790	0	intron_variant	BRCA1	-1	ENSG00000012048	ENST00000357654.9:c.302-41T>C											13.83		1473	1589052	0.000926968	31
chr17	43104916	.	C	T	1	1804	0	missense_variant	BRCA1	-1	ENSG00000012048	ENST00000357654.9:c.253G>A	ENSP00000350283.3:p.Glu85Lys	5/23	85	E/K	Gag/Aag		likely_pathogenic	0.5969	Benign	0.07136130436015163	25.7	0.680				
chr17	43106433	.	A	T	2	1794	0	intron_variant	BRCA1	-1	ENSG00000012048	ENST00000357654.9:c.212+23T>A											9.348		2754	1481922	0.0018584	35
chr17	43106435	.	C	T	2	1798	0	intron_variant	BRCA1	-1	ENSG00000012048	ENST00000357654.9:c.212+21G>A											9.754		27	1492232	1.80937e-05	0
chr17	43115746	.	C	T	16	1800	2	synonymous_variant	BRCA1	-1	ENSG00000012048	ENST00000357654.9:c.114G>A	ENSP00000350283.3:p.Lys38%3D	3/23	38	K	aaG/aaA						5.180		3222	1613626	0.00199675	89
chr17	43115793	.	G	A	5	1798	0	splice_polypyrimidine_tract_variant&intron_variant	BRCA1	-1	ENSG00000012048	ENST00000357654.9:c.81-14C>T											0.011		1064	1610512	0.000660659	2
chr17	43125170	rs799905	G	C	56	120	22	intron_variant	BRCA1	-1	ENSG00000012048	ENST00000357654.9:c.-20+101C>G											0.956		192695	443588	0.434401	46468
