#CHROM	POS	ID	REF	ALT	AC	AN	AC_Hom	Consequence	SYMBOL	STRAND	Gene	HGVSc	HGVSp	EXON	Protein_position	Amino_acids	Codons	LoF	am_class	am_pathogenicity	EVE_CLASS	EVE_SCORE	CADD_PHRED	REVEL	gnomADj_AC_joint	gnomADj_AN_joint	gnomADj_AF_joint	gnomADj_nhomalt_joint	MANE_TERRITORY
chrX	69505137	rs1171941	C	G	336	480	270	5_prime_UTR_variant	NALF2	1	ENSG00000130054	ENST00000252338.5:c.-146C>G		1/3									8.571		195006	462429	0.421699	35442	TRUE
chrX	69505172	.	G	A	14	682	8	5_prime_UTR_variant	NALF2	1	ENSG00000130054	ENST00000252338.5:c.-111G>A		1/3									17.07		7	788285	8.88004e-06	0	TRUE
chrX	69505483	.	C	A	2	1635	0	synonymous_variant	NALF2	1	ENSG00000130054	ENST00000252338.5:c.201C>A	ENSP00000252338.5:p.Ala67%3D	1/3	67	A	gcC/gcA						13.02						TRUE
chrX	69505518	.	G	A	3	1537	2	missense_variant	NALF2	1	ENSG00000130054	ENST00000252338.5:c.236G>A	ENSP00000252338.5:p.Arg79Gln	1/3	79	R/Q	cGg/cAg		likely_benign	0.1267			20.2	0.018	288	982465	0.00029314	0	TRUE
chrX	69505540	.	G	A	25	1501	10	synonymous_variant	NALF2	1	ENSG00000130054	ENST00000252338.5:c.258G>A	ENSP00000252338.5:p.Arg86%3D	1/3	86	R	cgG/cgA						5.174		19868	956618	0.020769	164	TRUE
chrX	69505629	.	C	T	1	1611	0	missense_variant	NALF2	1	ENSG00000130054	ENST00000252338.5:c.347C>T	ENSP00000252338.5:p.Pro116Leu	1/3	116	P/L	cCc/cTc		likely_benign	0.0878			14.57	0.010	1547	1180397	0.00131058	5	TRUE
chrX	69505786	.	C	T	1	1713	0	synonymous_variant	NALF2	1	ENSG00000130054	ENST00000252338.5:c.504C>T	ENSP00000252338.5:p.Pro168%3D	1/3	168	P	ccC/ccT						8.993		2	1211247	1.65119e-06	0	TRUE
chrX	69505793	.	T	C	1	1691	0	missense_variant	NALF2	1	ENSG00000130054	ENST00000252338.5:c.511T>C	ENSP00000252338.5:p.Ser171Pro	1/3	171	S/P	Tcc/Ccc		likely_benign	0.0708			11.84	0.025					TRUE
chrX	69505952	.	C	G	4	1741	2	missense_variant	NALF2	1	ENSG00000130054	ENST00000252338.5:c.670C>G	ENSP00000252338.5:p.Leu224Val	1/3	224	L/V	Ctg/Gtg		likely_benign	0.1203			17.56	0.108	1139	1210383	0.000941024	5	TRUE
chrX	69505958	rs149821108	G	T	8	1737	6	missense_variant	NALF2	1	ENSG00000130054	ENST00000252338.5:c.676G>T	ENSP00000252338.5:p.Gly226Trp	1/3	226	G/W	Ggg/Tgg		likely_benign	0.3059			24.0	0.134	258	1210347	0.000213162	0	TRUE
chrX	69528949	.	G	A	1	1649	0	intron_variant	NALF2	1	ENSG00000130054	ENST00000252338.5:c.862-44G>A											8.007						FALSE
chrX	69529536	rs35383499	G	A	1124	1701	914	intron_variant	NALF2	1	ENSG00000130054	ENST00000252338.5:c.1034-35G>A											0.244						FALSE
chrX	69529782	.	C	T	2	1743	2	synonymous_variant	NALF2	1	ENSG00000130054	ENST00000252338.5:c.1245C>T	ENSP00000252338.5:p.Pro415%3D	3/3	415	P	ccC/ccT						0.930		52	1209930	4.29777e-05	0	TRUE
chrX	69529791	rs61730420	G	A	6	1745	4	synonymous_variant	NALF2	1	ENSG00000130054	ENST00000252338.5:c.1254G>A	ENSP00000252338.5:p.Leu418%3D	3/3	418	L	ctG/ctA						7.038		5199	1209788	0.00429745	152	TRUE
chrX	69529866	.	C	T	1	1731	0	synonymous_variant	NALF2	1	ENSG00000130054	ENST00000252338.5:c.1329C>T	ENSP00000252338.5:p.Thr443%3D	3/3	443	T	acC/acT						9.919		659	1209653	0.000544784	1	TRUE
chrX	69530011	.	A	T	1	1151	0	3_prime_UTR_variant	NALF2	1	ENSG00000130054	ENST00000252338.5:c.*55A>T		3/3									2.902						TRUE
chrX	69530041	.	G	C	1	1241	0	3_prime_UTR_variant	NALF2	1	ENSG00000130054	ENST00000252338.5:c.*85G>C		3/3									12.14		139	683299	0.000203425	0	TRUE
chrX	69530057	.	T	G	1	851	0	3_prime_UTR_variant	NALF2	1	ENSG00000130054	ENST00000252338.5:c.*101T>G		3/3									4.693		740	365606	0.00202404	0	TRUE
chrX	69530087	.	TC	GC	1	907	0	3_prime_UTR_variant	NALF2	1	ENSG00000130054	ENST00000252338.5:c.*131T>G		3/3									2.272		1	484638	2.0634e-06	0	TRUE
